<mxGraphModel dx="800" dy="1969" grid="1" guides="1" tooltips="1" connect="1" fold="1" page="1" pageScale="1" pageWidth="826" pageHeight="1169" style="default-style2"><root><mxCell id="0"/><mxCell id="1" parent="0"/><mxCell id="3" value="client" style="text;fontSize=18;fontFamily=Verdana" vertex="1" parent="1"><mxGeometry x="10" y="44" width="60" height="30" as="geometry"/></mxCell><mxCell id="4" value="Server" style="text;fontSize=18" vertex="1" parent="1"><mxGeometry x="340" y="44" width="60" height="30" as="geometry"/></mxCell><mxCell id="5" value="register as user &lt;user name&gt;" style="edgeStyle=none;entryX=0;entryY=0.5" edge="1" parent="1" target="4"><mxGeometry y="30" width="100" height="100" as="geometry"><mxPoint x="70" y="60" as="sourcePoint"/><mxPoint x="230" y="59" as="targetPoint"/></mxGeometry></mxCell><mxCell id="9" value="" style="edgeStyle=elbowEdgeStyle;elbow=horizontal;exitX=0.5;exitY=0;entryX=0.5;entryY=0" edge="1" parent="1" source="4" target="3"><mxGeometry width="100" height="100" as="geometry"><mxPoint y="100" as="sourcePoint"/><mxPoint x="100" as="targetPoint"/><Array as="points"><mxPoint x="210" y="20"/></Array></mxGeometry></mxCell><mxCell id="10" value="User name already in use" style="text" vertex="1" parent="1"><mxGeometry x="130" width="40" height="26" as="geometry"/></mxCell><mxCell id="11" value="" style="line;direction=south" vertex="1" parent="1"><mxGeometry x="30" y="70" width="10" height="350" as="geometry"/></mxCell><mxCell id="12" value="" style="edgeStyle=elbowEdgeStyle;elbow=vertical;exitX=0.5;exitY=1;entryX=0.25;entryY=0.5;entryPerimeter=0" edge="1" parent="1" source="4" target="11"><mxGeometry width="100" height="100" as="geometry"><mxPoint y="100" as="sourcePoint"/><mxPoint x="100" as="targetPoint"/><Array as="points"><mxPoint x="200" y="110"/></Array></mxGeometry></mxCell><mxCell id="13" value="User name available" style="text" vertex="1" parent="1"><mxGeometry x="140" y="90" width="40" height="26" as="geometry"/></mxCell><mxCell id="16" value="Client unlocks the chatting UI controls" style="text" vertex="1" parent="1"><mxGeometry x="35" y="124" width="40" height="26" as="geometry"/></mxCell><mxCell id="18" value="" style="line;direction=south" vertex="1" parent="1"><mxGeometry x="370" y="70" width="10" height="350" as="geometry"/></mxCell><mxCell id="21" value="Sends a chat message" style="edgeStyle=elbowEdgeStyle;elbow=vertical;exitX=0.75;exitY=0.5;exitPerimeter=0;entryX=0.75;entryY=0.5;entryPerimeter=0" edge="1" parent="1"><mxGeometry y="32.5" width="100" height="100" as="geometry"><mxPoint x="35" y="222.5" as="sourcePoint"/><mxPoint x="375" y="222.5" as="targetPoint"/></mxGeometry></mxCell><mxCell id="22" value="Relays the message to targeted users or all" style="edgeStyle=elbowEdgeStyle;elbow=vertical;" edge="1" parent="1"><mxGeometry y="27.5" width="100" height="100" as="geometry"><mxPoint x="370" y="272.5" as="sourcePoint"/><mxPoint x="40" y="272.5" as="targetPoint"/><mxPoint x="15" y="-0.5" as="offset"/></mxGeometry></mxCell></root></mxGraphModel>